final_test_suite_costs,final_failure_rates,average_qpu_access_time(ms),qpu_lower_bound(ms),qpu_upper_bound()
"[208745.0, 208745.0, 208745.0, 208745.0, 208745.0, 208745.0, 208745.0, 208745.0, 208745.0, 208745.0]","[6.180858452375878, 6.180858452375878, 6.180858452375878, 6.180858452375878, 6.180858452375878, 6.180858452375878, 6.180858452375878, 6.180858452375878, 6.180858452375878, 6.180858452375878]",163009.2,148190.2,177921.00749999992
